论文名称,一级标题,姓名
姓名,单位,中文摘要
姓名,单位,中文关键词
姓名,一级标题,单位
单位,一级标题,姓名
论文名称,单位,邮箱
英文摘要,中文摘要,单位
英文关键词,中文关键词,邮箱
中文摘要,文本段,英文摘要
中文关键词,二级标题,英文关键词
文本段,一级标题,英文关键词
一级标题,二级标题,文本段
文本段,图片,程序代码
二级标题,一级标题,文本段
文本段,程序代码,三级标题
文本段,程序代码,图片
文本段,程序代码,图片
文本段,程序代码,图片
文本段,程序代码,三级标题
文本段,程序代码,三级标题
文本段,程序代码,图片
一级标题,二级标题,文本段
文本段,程序代码,三级标题
文本段,程序代码,公式
文本段,程序代码,图片
图题,图片,公式
文本段,图题,中文摘要
图片,公式,图题
图题,图片,文本段
一级标题,二级标题,文本段
二级标题,文本段,三级标题
文本段,图片,程序代码
文本段,三级标题,二级标题
文本段,程序代码,图片
文本段,三级标题,二级标题
文本段,图片,公式
文本段,图题,程序代码
文本段,程序代码,三级标题
文本段,程序代码,图片
文本段,三级标题,二级标题
文本段,程序代码,公式
文本段,程序代码,图片
二级标题,文本段,一级标题
三级标题,四级标题,文本段
文本段,程序代码,表题
表格,程序代码,公式
文本段,图题,公式
文本段,程序代码,图片
二级标题,三级标题,文本段
文本段,程序代码,公式
文本段,程序代码,图片
表题,图题,图片
表格,公式,表题
文本段,表格,三级标题
公式,程序代码,图片
文本段,公式,三级标题
文本段,程序代码,公式
二级标题,三级标题,文本段
文本段,程序代码,公式
公式,程序代码,图片
文本段,图片,图题
一级标题,二级标题,文本段
文本段,程序代码,图片
公式,图片,文本段
文本段,公式,图题
文本段,公式,程序代码
文本段,公式,程序代码
文本段,公式,程序代码
文本段,公式,程序代码
文本段,程序代码,表格
表题,图题,图片
表格,表题,图片
文本段,表题,表格
表格,公式,程序代码
文本段,图题,程序代码
图片,公式,表格
图题,图片,文本段
一级标题,二级标题,文本段
二级标题,一级标题,三级标题
文本段,程序代码,三级标题
公式,程序代码,文本段
公式,文本段,程序代码
公式,程序代码,文本段
文本段,二级标题,图片
文本段,表题,图片
表格,图片,论文名称
表题,图题,表格
文本段,表格,程序代码
文本段,图片,二级标题
图片,文本段,程序代码
图题,一级标题,图片
文本段,图题,程序代码
二级标题,一级标题,文本段
文本段,表格,程序代码
表题,图题,图片
表格,表题,图片
文本段,表格,图片
一级标题,二级标题,文本段
文本段,程序代码,图片
一级标题,文本段,二级标题
文本段,程序代码,错误
文本段,错误,图片
文本段,错误,图片
文本段,错误,图片
文本段,错误,图片
文本段,错误,图片
文本段,错误,程序代码
文本段,程序代码,错误
文本段,程序代码,错误
文本段,程序代码,错误
文本段,错误,程序代码
文本段,错误,图片
文本段,错误,图片
文本段,错误,图片
文本段,错误,图片
文本段,错误,图片
文本段,错误,图片
文本段,错误,图片
文本段,错误,图片
